{"cameraMode":{"drawMode":0,"name":"Shaded","section":"Shading Mode"},"sceneLighting":true,"audioPlay":false,"sceneViewState":{"m_AlwaysRefresh":false,"showFog":true,"showSkybox":false,"showFlares":true,"showImageEffects":true,"showParticleSystems":true,"showVisualEffectGraphs":true,"m_FxEnabled":false},"in2DMode":false,"pivot":{"x":-5.300000190734863,"y":0.6000000238418579,"z":-3.0999999046325685},"rotation":{"x":0.42142635583877566,"y":0.3866173326969147,"z":-0.20512796938419343,"w":0.7942757606506348},"size":2.0930426120758058,"orthographic":true}